﻿<sappy xmlns:xsi="http://www.w3.org/2001/XMLSchema-instance" xsi:noNamespaceSchemaLocation="sappy.xsd">
	<rom code="KWJ6" name="Kawa's Jukebox 2006" songtable="0x3ED0" screenshot="kawajuke.jpg" creator="Kyoufu Kawa" tagger="Kyoufu Kawa">
		<playlist name="Main">
			<song track="1">Keitaro's Theme</song>
			<song track="2">Monkey Island 2</song>
			<song track="3">Toon Machine</song>
			<song track="4">Canon</song>
			<song track="5">Grabbag</song>
			<song track="6">At Doom's Gate</song>
			<song track="7">Kitchen Ace</song>
			<song track="8">I Sawed the Demons</song>
			<song track="9">Azumanga Daioh</song>
			<song track="10">Lemmings</song>
			<song track="11">Ninja Gaiden</song>
			<song track="12">Kawa's Comin'</song>
			<song track="13">Zero Wing Medley</song>
			<song track="14">Sonic Invincibility</song>
			<song track="15">Dschinghis Khan Medley</song>
		</playlist>
	</rom>
	<rom code="BDTE" name="River City Ransom" songtable="0x2C6084" screenshot="rcr.jpg" creator="Atlus" tagger="Kyoufu Kawa">
		<playlist name="Main">
			<song track="1">Introduction</song>
			<song track="2">Startup Menu</song>
			<song track="3">Running around the City</song>
			<song track="4">Playing in the Park</song>
			<song track="5">A Tough Fight</song>
			<song track="6">Save the Girl!</song>
			<song track="7">In the Factory</song>
			<song track="8">Shopping</song>
			<song track="9">A Tougher Fight</song>
			<song track="10">River City High</song>
			<song track="11">The Dragon Twins</song>
			<song track="12">Final Fight</song>
			<song track="13">Credits</song>
			<song track="14">Title Screen</song>
		</playlist>
		<playlist name="Unused">
			<song track="15">Unused</song>
			<song track="16">Unused</song>
			<song track="17">Unused</song>
		</playlist>
	</rom>
	<rom code="AW2P" name="Advance Wars 2" songtable="0x2C5638" tagger="Kyoufu Kawa">
		<playlist name="Themes">
			<song track="300">Advance Wars 2 Theme</song>
			<song track="209">Andy's Theme</song>
			<song track="217">Sami's Theme</song>
			<song track="210">Max's Theme</song>
			<song track="214">Nell's Theme</song>
			<song track="302">Hachi's Theme</song>
			<song track="213">Olaf's Theme</song>
			<song track="203">Grit's Theme</song>
			<song track="403">Colin's Theme</song>
			<song track="211">Kanbei's Theme</song>
			<song track="212">Sonja's Theme</song>
			<song track="201">Eagle's Theme</song>
			<song track="202">Drake's Theme</song>
			<song track="414">Jess's Theme</song>
			<song track="412">Flak's Theme</song>
			<song track="401">Adder's Theme</song>
			<song track="301">Lash's Theme</song>
			<song track="402">Hawke's Theme</song>
			<song track="219">Sturm's Theme</song>
			<song track="409">Black Hole Super Power!</song>
		</playlist>
	</rom>
	<rom code="A7KE" name="Kirby: Nightmare in Dream Land" songtable="0x60B460" creator="HAL">
		<playlist name="Main">
			<song track="26">Title Theme</song>
			<song track="40">Menu Screen</song>
			<song track="0">Stage Music 1</song>
			<song track="21">Stage Music 2</song>
			<song track="11">Stage Music 3</song>
			<song track="17">Stage Music 4</song>
			<song track="22">Stage Music 5</song>
			<song track="12">Stage Music 6</song>
			<song track="18">Stage Music 7</song>
			<song track="15">Stage Music 8</song>
			<song track="2">Stage Music 9</song>
			<song track="37">Metaknight Minion Battle</song>
			<song track="30">Boss Battle</song>
			<song track="1">Prelude to Victory</song>
			<song track="14">Victory</song>
			<song track="13">Long Victory</song>
			<song track="39">Arena Battle</song>
			<song track="25">Museum</song>
			<song track="38">King Dedede Battle</song>
			<song track="20">"Classic" Stage Music</song>
			<song track="27">?</song>
			<song track="31">Fountain Cinema</song>
			<song track="32">Last Stage</song>
			<song track="33">Last Boss Intro</song>
			<song track="34">Last Boss Battle</song>
			<song track="24">Ending</song>
			<song track="3">Death</song>
			<song track="4">Level 1 Background</song>
			<song track="5">Level 2 Background</song>
			<song track="6">Level 3 Background</song>
			<song track="7">Level 4 Background</song>
			<song track="8">Level 5 Background</song>
			<song track="9">Level 6 Background</song>
			<song track="10">Level 7 Background</song>
			<song track="35">Samurai Minigame</song>
			<song track="46">Bomb Minigame</song>
			<song track="42">Race Minigame</song>
			<song track="43">Race Minigame Intro</song>
			<song track="44">Race Minigame Victory</song>
			<song track="23">Lose Minigame</song>
			<song track="28">Win Minigame</song>
			<song track="29">First Prize in Minigame</song>
			<song track="19">Invincible</song>
			<song track="16">Game Over</song>
			<song track="47">Stage Music no intro 1</song>
			<song track="53">Stage Music no intro 2</song>
			<song track="48">Stage Music no intro 3</song>
			<song track="50">Stage Music no intro 4</song>
			<song track="54">Stage Music no intro 5</song>
			<song track="49">Stage Music no intro 6</song>
			<song track="51">Stage Music no intro 7</song>
			<song track="55">Stage Music no intro 8</song>
			<song track="52">Classic Stage no intro</song>
		</playlist>
	</rom>
	<rom code="AXVE" name="Pokémon Ruby" songtable="0x14BFC00" creator="Gamefreak">
		<playlist name="Main">
			<song track="0x19E">Introduction</song>
			<song track="0x1BA">The Pokémon!</song>
			<song track="0x19D">Title Screen</song>
			<song track="0x195">Littleroot Town</song>
			<song track="0x16B">Oldale Town</song>
			<song track="0x16A">Petalburg City</song>
			<song track="0x18F">Rustboro City</song>
			<song track="0x1AB">Dewford Town</song>
			<song track="0x1B1">Slateport City</song>
			<song track="0x18E">Verdanturf Town</song>
			<song track="0x1B5">Lavaridge Town</song>
			<song track="0x17E">Fortree City</song>
			<song track="0x198">Lilycove City</song>
			<song track="0x1BD">Sootopolis City</song>
			<song track="0x1A6">Evergrande City</song>
			<song track="0x167">Route Theme 1</song>
			<song track="0x168">Route Theme 2</song>
			<song track="0x169">Route Theme 3</song>
			<song track="0x176">Route Theme 4</song>
			<song track="0x191">Route Theme 5</song>
			<song track="0x192">Route Theme 6</song>
			<song track="0x1A2">Route Theme 7</song>
			<song track="0x199">The Sandy Desert</song>
			<song track="0x16E">Caves and Darkness</song>
			<song track="0x17D">A Far-away Place</song>
			<song track="0x1A9">Riding the Cable Car</song>
			<song track="0x182">Meteor Falls</song>
			<song track="0x1B2">The Fog of Mt. Pyre</song>
			<song track="0x1B0">Shoal Cave</song>
			<song track="0x1AD">Victory Road</song>
			<song track="0x1B6">Island Cave</song>
			<song track="0x196">Sky Pillar</song>
			<song track="0x16D">Surfing</song>
			<song track="0x193">Bicycle Ride</song>
			<song track="0x19B">Underwater Dive</song>
			<song track="0x1AF">Sailing the Sea</song>
			<song track="0x1BB">The Flood</song>
			<song track="0x1BC">Unknown Place</song>
			<song track="0x190">Pokémon Center</song>
			<song track="0x194">PokeMart</song>
			<song track="0x16C">Gym</song>
			<song track="0x1AE">Team Hideout</song>
			<song track="0x1C0">You're Being Watched!</song>
			<song track="0x1C4">Beauty Contest Lobby</song>
			<song track="0x175">Lilycove Museum</song>
			<song track="0x177">Slateport Museum</song>
			<song track="0x1B3">Pokémon Trainer School</song>
			<song track="0x17F">Birch's Lab</song>
			<song track="0x1AA">Game Corner</song>
			<song track="0x180">Battle Tower</song>
			<song track="0x1AC">Safari Zone</song>
			<song track="0x1B8">Beauty Contest</song>
			<song track="0x1BE">Berry Blending Results</song>
			<song track="0x1A4">Show Me Around</song>
			<song track="0x17C">Boy Encounter</song>
			<song track="0x197">Girl Encounter</song>
			<song track="0x1C1">Kid Encounter</song>
			<song track="0x17B">Tuber Encounter</song>
			<song track="0x181">Swimmer Encounter</song>
			<song track="0x18D">Ship Encounter</song>
			<song track="0x1C3">Sailor Encounter</song>
			<song track="0x1A0">Electric Encounter</song>
			<song track="0x1A1">Biker Encounter</song>
			<song track="0x1A3">Aqua Encounter</song>
			<song track="0x1B9">Magma Encounter</song>
			<song track="0x1A7">Psychic Encounter</song>
			<song track="0x1C6">Unknown Encounter</song>
			<song track="0x1C2">Elite Four Theme</song>
			<song track="0x19F">May's Theme</song>
			<song track="0x1A5">Brendan's Theme</song>
			<song track="0x1C5">What's On TV?</song>
			<song track="0x19A">Help Me!</song>
			<song track="0x188">Unknown Theme 1</song>
			<song track="0x1C9">Battle - Wild Pokémon</song>
			<song track="0x1D0">Battle - Rival</song>
			<song track="0x1CB">Battle - Pokémon Trainer</song>
			<song track="0x1CC">Battle - Gym Leader</song>
			<song track="0x1CA">Battle - Aqua/Magma</song>
			<song track="0x1D2">Battle - Team Leader</song>
			<song track="0x1D1">Battle - Elite Four</song>
			<song track="0x1CD">Battle - Champion Steven</song>
			<song track="0x1CE">Battle - Regirock, Regice and Registeel</song>
			<song track="0x1CF">Battle - Legendary Pokémon</song>
			<song track="0x161">Wild Pokémon Defeat w/Intro</song>
			<song track="0x160">Wild Pokémon Defeat</song>
			<song track="0x19C">Trainer Defeat</song>
			<song track="0x162">Gym Leader Defeat</song>
			<song track="0x1A8">Important Defeat</song>
			<song track="0x1B7">Important 2 Defeat</song>
			<song track="0x163">Acquired Badge</song>
			<song track="0x16F">Level Up</song>
			<song track="0x170">Pokémon Healed</song>
			<song track="0x171">Big Victory</song>
			<song track="0x172">Acquired Item</song>
			<song track="0x173">Pokémon Caught</song>
			<song track="0x174">Got TM/HM</song>
			<song track="0x183">Got a Berry</song>
			<song track="0x178">Evolve Intro</song>
			<song track="0x179">Evolving</song>
			<song track="0x184">Unknown Victory 1</song>
			<song track="0x185">Unknown Victory 2</song>
			<song track="0x186">Unknown Victory 3</song>
			<song track="0x17A">Unknown Victory 4</song>
			<song track="0x187">Pay No Attention!</song>
			<song track="0x1BF">Hall of Fame</song>
			<song track="0x1B4">You're the Champ!</song>
			<song track="0x1C7">Ending Credits</song>
			<song track="0x1C8">The End!</song>
		</playlist>
	</rom>
	<rom code="AXPE" name="Pokémon Sapphire" songtable="0xF00000" creator="Gamefreak">
		<playlist name="Main" steal="AXVE"/>
	</rom>
	<rom code="BPRE" name="Pokémon Fire Red" songtable="0x14BEC00" creator="Gamefreak">
		<playlist name="Main">
			<song track="0x100">Healing (RS)</song>
			<song track="0x101">Level Up </song>
			<song track="0x107">Evolution Start</song>
			<song track="0x108">Evolution/Safari</song>
			<song track="0x109">Battle 1</song>
			<song track="0x10A">Battle 2</song>
			<song track="0x10C">Fanfare 1</song>
			<song track="0x10D">Fanfare 2</song>
			<song track="0x10E">You Fail It!</song>
			<song track="0x10F">You Fail It Again!</song>
			<song track="0x110">Follow Me</song>
			<song track="0x111">Game Corner</song>
			<song track="0x112">Evil Lurks</song>
			<song track="0x113">Gym</song>
			<song track="0x114">Jigglypff's Song</song>
			<song track="0x115">Introducion</song>
			<song track="0x116">Pokemon Theme</song>
			<song track="0x117">Cinnabar Island</song>
			<song track="0x118">Lavender Town</song>
			<song track="0x119">Healing</song>
			<song track="0x11A">Bicycle</song>
			<song track="0x11B">Encounter 1</song>
			<song track="0x11C">Encounter 2</song>
			<song track="0x11D">Encounter 3</song>
			<song track="0x11E">You're In The Hall Of Fame!</song>
			<song track="0x11F">Viridian Forest</song>
			<song track="0x120">Mount Moon</song>
			<song track="0x121">Abandoned Place</song>
			<song track="0x122">End Credits</song>
			<song track="0x123">Route Theme 1</song>
			<song track="0x124">Route Theme 2 / Intro</song>
			<song track="0x125">Route Theme 3</song>
			<song track="0x126">Route Theme 4</song>
			<song track="0x127">Indigo Plateau</song>
			<song track="0x128">Battle 3</song>
			<song track="0x129">Battle 4</song>
			<song track="0x12A">Battle 5</song>
			<song track="0x12B">Battle 6</song>
			<song track="0x12C">Pallet Town</song>
			<song track="0x12D">Oak's Lab</song>
			<song track="0x12E">Oak's Theme</song>
			<song track="0x12F">Pokémon Center</song>
			<song track="0x130">SS Anne</song>
			<song track="0x131">Surf's Up</song>
			<song track="0x132">Pokémon Tower</song>
			<song track="0x133">Silph Co.</song>
			<song track="0x134">Cerulean City</song>
			<song track="0x135">Celadon City</song>
			<song track="0x136">Victory 1</song>
			<song track="0x137">Victory 2</song>
			<song track="0x138">Victory 3</song>
			<song track="0x139">Vermillion City</song>
			<song track="0x13A">Viridian City</song>
			<song track="0x13B">Gary's Theme</song>
			<song track="0x13C">Gary's Theme (bis)</song>
			<song track="0x13D">Fanfare 3</song>
			<song track="0x13E">Fanfare 4</song>
			<song track="0x13F">You caught a Pokémon!</song>
			<song track="0x140">Trainer Card Photo</song>
			<song track="0x141">Gamefreak</song>
			<song track="0x142">Victory 2 (bis)</song>
			<song track="0x143">Intro Message 1</song>
			<song track="0x144">Intro Message 2</song>
			<song track="0x145">Intro Message 3</song>
			<song track="0x146">Game Corner (+1)</song>
			<song track="0x147">Game Corner (+2)</song>
			<song track="0x148">Net Center</song>
			<song track="0x149">Mystery Connection</song>
			<song track="0x14A">Game Corner (+3)</song>
			<song track="0x14B">Mount Ember</song>
			<song track="0x14C">Follow Me (alt)</song>
			<song track="0x14D">Water Labyrinth</song>
			<song track="0x14E">Tanoby Ruins</song>
			<song track="0x14F">Islands 1-3</song>
			<song track="0x150">Islands 4-5</song>
			<song track="0x151">Islands 6-7</song>
			<song track="0x152">PokéFlute</song>
			<song track="0x153">Battle - Deoxys</song>
			<song track="0x154">Battle 5 (+1)</song>
			<song track="0x155">Battle 5 (+2)</song>
			<song track="0x156">Encounter 4</song>
			<song track="0x157">Deoxys Encounter</song>
			<song track="0x158">Trainer Tower</song>
			<song track="0x159">Pallet Town (fame mix)</song>
			<song track="0x15A">Teachy TV</song>
		</playlist>
	</rom>
	<rom code="BPGE" name="Pokémon Leaf Green" songtable="0xF00000" creator="Gamefreak">
		<playlist name="Main" steal="BPRE"/>
	</rom>
	<rom code="BPEE" name="Pokémon Emerald" songtable="0x6B49F0" creator="Gamefreak">
		<playlist name="Main">
			<song track="0x15E">Littleroot Town Test 'TETSUJI'</song>
			<song track="0x15F">GS - Route 38</song>
			<song track="0x160">Wild Pokemon Defeat</song>
			<song track="0x161">Wild Pokemon Defeat w/Intro</song>
			<song track="0x162">Gym Leader Defeat</song>
			<song track="0x163">Acquired Badge</song>
			<song track="0x164">Crystal - Pokémon Center</song>
			<song track="0x165">GS - Saffron City</song>
			<song track="0x166">Crystal - Battle with Legendary Dogs</song>
			<song track="0x167">Route Theme 1</song>
			<song track="0x168">Route Theme 2</song>
			<song track="0x169">Route Theme 3</song>
			<song track="0x16A">Petalburg City</song>
			<song track="0x16B">Oldale Town</song>
			<song track="0x16C">Gym</song>
			<song track="0x16D">Surfing</song>
			<song track="0x16E">Caves and Darkness</song>
			<song track="0x16F">Level Up</song>
			<song track="0x170">Pokemon Healed</song>
			<song track="0x171">Big Victory</song>
			<song track="0x172">Acquired Item</song>
			<song track="0x173">Pokemon Caught</song>
			<song track="0x174">Got TM/HM</song>
			<song track="0x175">Lilycove Museum</song>
			<song track="0x176">Route Theme 4</song>
			<song track="0x177">Slateport Museum</song>
			<song track="0x178">Evolve Intro</song>
			<song track="0x179">Evolving</song>
			<song track="0x17A">Unknown Victory 1</song>
			<song track="0x17B">Tuber Encounter</song>
			<song track="0x17C">Boy Encounter</song>
			<song track="0x17D">A Far-away Place</song>
			<song track="0x17E">Fortree City</song>
			<song track="0x17F">Birch's Lab</song>
			<song track="0x180">Battle Tower</song>
			<song track="0x181">Swimmer Encounter</song>
			<song track="0x182">Meteor Falls</song>
			<song track="0x183">Got a Berry</song>
			<song track="0x184">Unknown Victory 1</song>
			<song track="0x185">Unknown Victory 3</song>
			<song track="0x186">Unknown Victory 4</song>
			<song track="0x187">Pay No Attention!</song>
			<song track="0x188">Unknown Theme 1</song>
			<song track="0x189">Beauty Contest Test 1</song>
			<song track="0x18A">Beauty Contest Test 2</song>
			<song track="0x18B">Beauty Contest Test 3</song>
			<song track="0x18C">Beauty Contest Test 4</song>
			<song track="0x18D">Ship Encounter</song>
			<song track="0x18E">Verdanturf Town</song>
			<song track="0x18F">Rustboro City</song>
			<song track="0x190">Pokémon Center</song>
			<song track="0x191">Route Theme 5</song>
			<song track="0x192">Route Theme 6</song>
			<song track="0x193">Bicycle Ride</song>
			<song track="0x194">PokéMart</song>
			<song track="0x195">Littleroot Town</song>
			<song track="0x196">Sky Pillar</song>
			<song track="0x197">Girl Encounter</song>
			<song track="0x198">Lilycove City</song>
			<song track="0x199">The Sandy Desert</song>
			<song track="0x19A">Help Me!</song>
			<song track="0x19B">Underwater Dive</song>
			<song track="0x19C">Trainer Defeat</song>
			<song track="0x19D">Title Screen</song>
			<song track="0x19E">Introduction</song>
			<song track="0x19F">May's Theme</song>
			<song track="0x1A0">Electric Encounter</song>
			<song track="0x1A1">Biker Encounter</song>
			<song track="0x1A2">Route Theme 7</song>
			<song track="0x1A3">Aqua Encounter</song>
			<song track="0x1A4">Show Me Around</song>
			<song track="0x1A5">Brendan's Theme</song>
			<song track="0x1A6">Evergrande City</song>
			<song track="0x1A7">Psychic Encounter</song>
			<song track="0x1A8">Important Defeat</song>
			<song track="0x1A9">Riding the Cable Car</song>
			<song track="0x1AA">Game Corner</song>
			<song track="0x1AB">Dewford Town</song>
			<song track="0x1AC">Safari Zone</song>
			<song track="0x1AD">Victory Road</song>
			<song track="0x1AE">Team Hideout</song>
			<song track="0x1AF">Sailing the Sea</song>
			<song track="0x1B0">Shoal Cave</song>
			<song track="0x1B1">Slateport City</song>
			<song track="0x1B2">The Fog of Mt. Pyre</song>
			<song track="0x1B3">Pokémon Trainer School</song>
			<song track="0x1B4">You're the Champ!</song>
			<song track="0x1B5">Lavaridge Town</song>
			<song track="0x1B6">Island Cave</song>
			<song track="0x1B7">Important 2 Defeat</song>
			<song track="0x1B8">Beauty Contest</song>
			<song track="0x1B9">Magma Encounter</song>
			<song track="0x1BA">The Pokémon!</song>
			<song track="0x1BB">The Flood</song>
			<song track="0x1BC">The Drought</song>
			<song track="0x1BD">Sootopolis City</song>
			<song track="0x1BE">Berry Blending Results</song>
			<song track="0x1BF">Hall of Fame</song>
			<song track="0x1C0">You're Being Watched!</song>
			<song track="0x1C1">Kid Encounter</song>
			<song track="0x1C2">Elite Four Theme</song>
			<song track="0x1C3">Sailor Encounter</song>
			<song track="0x1C4">Beauty Contest Lobby</song>
			<song track="0x1C5">What's On TV?</song>
			<song track="0x1C6">Unknown Encounter</song>
			<song track="0x1C7">Ending Credits</song>
			<song track="0x1C8">The End!</song>
			<song track="0x1C9">Battle Frontier</song>
			<song track="0x1CA">Battle Arena</song>
			<song track="0x1CB">Battle Point!</song>
			<song track="0x1CC">Registered Trainer</song>
			<song track="0x1CD">Battle Pyramid</song>
			<song track="0x1CE">Pyramid Top</song>
			<song track="0x1CF">Battle Palace</song>
			<song track="0x1D0">Rayquaza Enters</song>
			<song track="0x1D1">Battle Tower</song>
			<song track="0x1D2">Frontier Badge!</song>
			<song track="0x1D3">Dome Tournament</song>
			<song track="0x1D4">Battle Tube</song>
			<song track="0x1D5">Battle Factory</song>
			<song track="0x1D6">Battle - Legendary Pokémon</song>
			<song track="0x1D7">Battle - Frontier Brains</song>
			<song track="0x1D8">Battle - Mew</song>
			<song track="0x1D9">Battle Dome Lobby</song>
			<song track="0x1DA">Battle - Wild Pokémon</song>
			<song track="0x1DB">Battle - Aqua/Magma</song>
			<song track="0x1DC">Battle - Pokémon Trainer</song>
			<song track="0x1DD">Battle - Gym Leader</song>
			<song track="0x1DE">Battle - Champion Wallace</song>
			<song track="0x1DF">Battle - Regirock, Regice and Registeel</song>
			<song track="0x1E0">Battle - Legendary Pokémon</song>
			<song track="0x1E1">Battle - Rival</song>
			<song track="0x1E2">Battle - Elite Four</song>
			<song track="0x1E3">Battle - Team Leader</song>
			<song track="0x1E4">Follow Me</song>
			<song track="0x1E5">Game Corner</song>
			<song track="0x1E6">Evil Lurks</song>
			<song track="0x1E7">Gym(FRLG)</song>
			<song track="0x1E8">Jigglypuff's Song</song>
			<song track="0x1E9">Introduction (FRLG)</song>
			<song track="0x1EA">Pokémon Theme</song>
			<song track="0x1EB">Cinnabar Island</song>
			<song track="0x1EC">Lavender Town</song>
			<song track="0x1ED">Healing</song>
			<song track="0x1EE">Bicycle</song>
			<song track="0x1EF">Encounter 1</song>
			<song track="0x1F0">Encounter 2</song>
			<song track="0x1F1">Encounter 3</song>
			<song track="0x1F2">You're in the Hall Of Fame!</song>
			<song track="0x1F3">Viridian Forest</song>
			<song track="0x1F4">Mount Moon</song>
			<song track="0x1F5">Abandoned Place</song>
			<song track="0x1F6">End Credits (FRLG)</song>
			<song track="0x1F7">Route Theme 8</song>
			<song track="0x1F8">Route Theme 9 (FRLG Intro)</song>
			<song track="0x1F9">Route Theme 10</song>
			<song track="0x1FA">Route Theme 11</song>
			<song track="0x1FB">Indigo Plateau</song>
			<song track="0x1FC">Battle 3</song>
			<song track="0x1FD">Battle 4</song>
			<song track="0x1FE">Battle 5</song>
			<song track="0x1FF">Battle 6</song>
			<song track="0x200">Pallet Town</song>
			<song track="0x201">Oak's Lab</song>
			<song track="0x202">Oak's Theme</song>
			<song track="0x203">Pokémon Center</song>
			<song track="0x204">SS Anne</song>
			<song track="0x205">Surf's Up</song>
			<song track="0x206">Pokémon Tower</song>
			<song track="0x207">Silph Co.</song>
			<song track="0x208">Cerulean City</song>
			<song track="0x209">Celadon City</song>
			<song track="0x20A">Victory 1</song>
			<song track="0x20B">Victory 2</song>
			<song track="0x20C">Victory 3</song>
			<song track="0x20D">Vermillion City</song>
			<song track="0x20E">Viridian City</song>
			<song track="0x20F">Gary's Theme</song>
			<song track="0x210">Gary's Theme (bis)</song>
			<song track="0x211">Fanfare 3</song>
			<song track="0x212">Fanfare 4</song>
			<song track="0x213">You caught a Pokémon!</song>
			<song track="0x214">Trainer Card Photo</song>
			<song track="0x215">Gamefreak</song>
			<song track="0x216">Victory 2 (bis)</song>
			<song track="0x217">Intro Message 1</song>
			<song track="0x218">Intro Message 2</song>
			<song track="0x219">Intro Message 3</song>
			<song track="0x21A">Game Corner (+1)</song>
			<song track="0x21B">Game Corner (+2)</song>
			<song track="0x21C">Net Center</song>
			<song track="0x21D">Mystery Connection</song>
			<song track="0x21E">Game Corner (+3)</song>
			<song track="0x21F">Mount Ember</song>
			<song track="0x220">Follow Me (alt)</song>
			<song track="0x221">Sevii Island Paths</song>
			<song track="0x222">Tanoby Ruins</song>
			<song track="0x223">Islands 1-3</song>
			<song track="0x224">Islands 4-5</song>
			<song track="0x225">Islands 6-7</song>
			<song track="0x226">PokéFlute</song>
			<song track="0x227">Battle - Deoxys</song>
			<song track="0x228">Battle 5 (+1)</song>
			<song track="0x229">Battle 5 (+2)</song>
			<song track="0x22A">Encounter 4</song>
			<song track="0x22B">Deoxys Encounter</song>
			<song track="0x22C">Trainer Tower</song>
			<song track="0x22D">Pallet Town (fame mix)</song>
			<song track="0x22E">Teachy TV</song>
		</playlist>
	</rom>
	<rom code="B3SE" name="Sonic Advance 3" songtable="0xEB420" creator="Sonic Team" tagger="Kyoufu Kawa">
		<playlist name="Main">
			<song track="0">Intro</song>
			<song track="1">Title Screen</song>
			<song track="3">Player Select</song>
			<song track="4">Sonic Factory</song>
			<song track="8">Intro 2</song>
			<song track="17">Emerald Altar</song>
		</playlist>
		<playlist name="Route 99">
			<song track="10">Map</song>
			<song track="20">Act 1</song>
			<song track="21">Act 2</song>
			<song track="22">Act 3</song>
		</playlist>
		<playlist name="Sunset Hill">
			<song track="11">Map</song>
			<song track="24">Act 1</song>
			<song track="25">Act 2</song>
			<song track="26">Act 3</song>
		</playlist>
		<playlist name="Ocean Base">
			<song track="12">Map</song>
			<song track="28">Act 1</song>
			<song track="29">Act 2</song>
			<song track="30">Act 3</song>
		</playlist>
		<playlist name="Toy Kingdom">
			<song track="13">Map</song>
			<song track="32">Act 1</song>
			<song track="33">Act 2</song>
			<song track="34">Act 3</song>
		</playlist>
		<playlist name="Twinkle Snow">
			<song track="14">Map</song>
			<song track="36">Act 1</song>
			<song track="37">Act 2</song>
			<song track="38">Act 3</song>
		</playlist>
		<playlist name="Cybertrack">
			<song track="15">Map</song>
			<song track="40">Act 1</song>
			<song track="41">Act 2</song>
			<song track="42">Act 3</song>
		</playlist>
		<playlist name="Chaos Angel">
			<song track="16">Map</song>
			<song track="44">Act 1</song>
			<song track="45">Act 2</song>
			<song track="46">Act 3</song>
		</playlist>
		<playlist name="Boss Battles">
			<song track="50">Boss Battle</song>
			<song track="51">Boss Pitch</song>
			<song track="52">Chaos Angel</song>
			<song track="53">Chaos Angel Pitch</song>
			<song track="54">Final Boss</song>
			<song track="55">Final Boss Pitch</song>
			<song track="56">Extra Boss</song>
			<song track="57">Extra Boss Pitch</song>
		</playlist>
		<playlist name="Ending">
			<song track="58">Alternative Ending</song>
			<song track="62">Final Boss Defeated</song>
			<song track="63">Credits</song>
		</playlist>
		<playlist name="Sounds">
			<song track="117">Ring Get</song>
			<song track="118">Ring Spray</song>
		</playlist>
	</rom>
	<rom code="AMKE" name="Mario Kart Super Circuit [U]" songtable="0x102498" creator="Nintendo" tagger="Bouche">
		<playlist name="Music">
			<song track="35">Title Screen Intro</song>
			<song track="34">Title Screen</song>
			<song track="02">Menu Screen</song>
			<song track="03">Race Intro (Grand Prix)</song>
			<song track="04">Race Intro (Time Trials/Quick Run)</song>
			<song track="05">Race Finished (1st Position)</song>
			<song track="06">Race Finished (2nd-4th Position)</song>
			<song track="07">Race Finished (5th-8th Position)</song>
			<song track="10">Starman</song>
			<song track="11">Lightning</song>
			<song track="12">Ghost</song>
			<song track="13">Double Ghost</song>
			<song track="14">Mario GP Scores</song>
			<song track="16">Game Over</song>
			<song track="15">Race Over (Quick Run)</song>
			<song track="17">Race Over (Time Trials)</song>
			<song track="18">Battle Mode</song>
			<song track="19">Final Lap</song>
		</playlist>
		<playlist name="Track Themes">
			<song track="25">Circuit</song>
			<song track="21">Beach</song>
			<song track="24">Jungle</song>
			<song track="22">Bowser's Castle</song>
			<song track="23">Cheese Land</song>
			<song track="26">Sunset Wilds</song>
			<song track="27">Spooky</song>
			<song track="29">Yoshi Desert</song>
			<song track="30">Ribbon Road</song>
			<song track="31">Snow Land</song>
			<song track="32">Jungle 2</song>
			<song track="36">Rainbow Road (intro)</song>
			<song track="28">Rainbow Road</song>
			<song track="35">Sky Garden</song>
		</playlist>
		<playlist name="Classics">
			<song track="41">Mario Circuit</song>
			<song track="42">Donut Plains</song>
			<song track="43">Choco Valley</song>
			<song track="44">Vanilla Lake</song>
			<song track="45">Ghost Valley</song>
			<song track="46">Rainbow Road</song>
			<song track="47">Bowser's Castle</song>
			<song track="48">Koopa Beach</song>
		</playlist>
		<playlist name="Misc">
			<song track="40">Multiplayer Link</song>
			<song track="37">Mobile Link</song>
			<song track="51">Remix of Title Screen Intro?</song>
			<song track="55">Trophy Intro</song>
			<song track="56">Trophy</song>
			<song track="57">Trophy Intro + Bogus Trophy</song>
			<song track="54">Credits</song>
			<song track="59">Strange Trophy</song>
			<song track="60">Unknown</song>
			<song track="20">Unknown</song>
			<song track="33">Unknown</song>
			<song track="34">Unknown</song>
		</playlist>
		<midimap>
			<inst from="31" to="30"/>
			<drum from="E1" to="D3" kit="25"/>
			<drum from="C10" to="E3" kit="25"/>
			<drum from="C#1" to="C3" kit="25"/>
			<drum from="D0" to="C3" kit="16"/>
			<drum from="D8" to="F#3"/>
			<drum from="D#8" to="A#3"/>
			<drum from="D#0" to="E3" kit="16"/>
			<drum from="C#0" to="F3" kit="16"/>
			<drum from="F#1" to="E3" kit="8"/>
			<drum from="F1" to="C3" kit="8"/>
			<drum from="E2" to="F#3"/>
			<drum from="D#9" to="E3" kit="24"/>
			<drum from="B1" to="G#3"/>
			<drum from="A1" to="A#3"/>
			<drum from="A8" to="G2" kit="24"/>
			<drum from="F2" to="D3"/>
			<drum from="G#8" to="G2" kit="24"/>
			<drum from="D1" to="C3"/>
			<drum from="D#1" to="C3" kit="25"/>
			<drum from="C8" to="F#3"/>
			<drum from="C2" to="E3" kit="48"/>
			<drum from="D2" to="G#3"/>
			<drum from="F9" to="D3" kit="24"/>
			<drum from="D9" to="G2" kit="24"/>
		</midimap>
	</rom>
	<rom code="ASBJ" name="Phoenix Wright" songtable="0x4132C" creator="Capcom" screenshot="pwright.jpg">
		<playlist name="Main"/>
	</rom>
	<rom code="B4ZE" name="MEGAMANZERO4" songtable="0x13890C"><playlist name="Main"/></rom><rom code="A7KP" name="AGB KIRBY DX" songtable="0x843B50"><playlist name="Main"/></rom>
	<rom code="AGFE" name="Golden Sun The Lost Age" songtable="0x81C4530" tagger="The_Shadow_Knight">
		<playlist name="Main"/>
	</rom>
	<rom code="AGSE" name="Golden Sun" songtable="0x80FC70C" tagger="The_Shadow_Knight">
		<playlist name="Main"/>
	</rom>
	<rom code="B2RE" name="original generations 2" songtable="0x84730CC" tagger="The_Shadow_Knight">
		<playlist name="Main">
			<song track="00">Null</song>
			<song track="01">The gate of magus</song>
			<song track="02">Neppuu! Shippuu! Cybuster</song>
			<song track="03">Flapper Girl</song>
			<song track="04">Dark Prison</song>
			<song track="05">Stage theme 1</song>
			<song track="06">Intermission theme sad</song>
			<song track="07">Stage theme 2</song>
			<song track="08">Imminent threat 1</song>
			<song track="09">So close yet so far</song>
			<song track="10">Dark Knight</song>
			<song track="11">Ash To Ash</song>
			<song track="12">Chaos</song>
			<song track="13">Steel Beowulf</song>
			<song track="14">Fallen White Knight</song>
			<song track="15">Alchemist's query</song>
			<song track="16">Stage theme 3</song>
			<song track="17">Unknown theme</song>
			<song track="18">Lurking danger</song>
			<song track="19">Stage theme 4</song>
			<song track="20">Threat arrived!</song>
			<song track="21">Stage theme 5</song>
			<song track="22">Fairy Rom Antic</song>
			<song track="23">Unknown theme 2</song>
			<song track="24">Unknown theme 3</song>
			<song track="25">Inspector from a malevolent star</song>
			<song track="26">Unknown theme 4</song>
			<song track="27">Ace Attacker ver.W</song>
			<song track="28">I Am Invincible!</song>
			<song track="29">Sword - Soul - One - Strike</song>
			<song track="30">Shooting Stars</song>
			<song track="31">Stage Theme 6</song>
			<song track="32">Arrow of destiny</song>
			<song track="33">Unknown Theme 6</song>
			<song track="34">Everywhere You Go</song>
			<song track="35">Ice Man</song>
			<song track="36">Psychic Energy</song>
			<song track="37">Time To Come</song>
			<song track="38">Unknown Theme 7</song>
			<song track="39">Soul of Steel</song>
			<song track="40">The Steel Ark</song>
			<song track="41">Femme Fatale</song>
			<song track="42">The Sword That Cleaves Evil</song>
			<song track="43">Trombe!</song>
			<song track="44">The Valsion</song>
			<song track="45">Battle theme</song>
			<song track="46">Stage theme 7</song>
			<song track="47">Win!</song>
			<song track="48">For the new day</song>
			<song track="49">Between stages</song>
			<song track="50">Intermission theme</song>
			<song track="51">GAME OVER</song>
			<song track="52">Win!</song>
			<song track="53">credits?</song>
			<song track="100">Menu bleep</song>
			<song track="101">Menu bleep 2</song>
			<song track="102">Menu bleep 3</song>
			<song track="103">Menu bleep 4</song>
			<song track="104">Clash 1</song>
			<song track="105">Einst Telport/Hover noise</song>
			<song track="111">Guard</song>
			<song track="119">Explosion 1</song>
			<song track="120">Explosion 2</song>
			<song track="121">Take off</song>
			<song track="131">Alarm</song>
			<song track="132">Door open</song>
			<song track="134">Hit heavy</song>
			<song track="135">Hit slap</song>
			<song track="136">Slow step</song>
			<song track="137">Logging in</song>
			<song track="138">Knocking</song>
			<song track="139">Powering Down</song>
		</playlist>
	</rom>
	<rom code="B24P" name="Pokémon Mystery Dungeon Red Rescue Team" songtable="0x1E866BC" creator="Chun Soft" tagger="ipatix">
		<playlist name="Main">
			<song track="0x1">Team Base</song>
			<song track="0x2">???</song>
			<song track="0x3">???</song>
			<song track="0x4">Dream 1</song>
			<song track="0x5">Dream 2</song>
			<song track="0x6">Dream 3</song>
			<song track="0x7">Town</song>
			<song track="0x8">Menu</song>
			<song track="0x9">???</song>
			<song track="0xA">The Evil Team</song>
			<song track="0xB">Boss Battle</song>
			<song track="0xC">Dream 4</song>
			<song track="0xD">Dungeon 1</song>
			<song track="0xE">Thunderwave Cave</song>
			<song track="0xF">Dungeon 2</song>
			<song track="0x10">Partner area</song>
			<song track="0x11">Kecleon Shop</song>
			<song track="0x12">Unknown Battle Theme</song>
			<song track="0x13">Partner area</song>
			<song track="0x14">Great Canyon</song>
			<song track="0x15">???</song>
			<song track="0x16">Sky Tower</song>
			<song track="0x17">???</song>
			<song track="0x18">I don't want so say good bye!</song>
			<song track="0x19">Mt. Blaze</song>
			<song track="0x1A">Background sound 1</song>
			<song track="0x1B">Background sound 2</song>
			<song track="0x1C">Background sound 3</song>
			<song track="0x1D">Background sound 4</song>
			<song track="0x1E">Background sound 5</song>
			<song track="0x1F">Background sound 6</song>
			<song track="0x20">Final Rayquaza Battle</song>
			<song track="0x21">Mt. Blaze peak</song>
			<song track="0x22">Background sound 8</song>
			<song track="0x23">Background sound 9</song>
			<song track="0x24">Background sound ??</song>
			<song track="0x64">Unknwon theme</song>
			<song track="0x65">Farewell</song>
			<song track="0x66">Lapis Cave</song>
			<song track="0x67">Mission complete</song>
			<song track="0x68">Dungeon</song>
			<song track="0x69">Partner area</song>
			<song track="0x6A">Partner area</song>
			<song track="0x6B">Partner area</song>
			<song track="0x6C">Dungeon</song>
			<song track="0x6D">Partner area</song>
			<song track="0x6E">Dungeon</song>
			<song track="0x6F">Dungeon</song>
			<song track="0x70">Power Station</song>
			<song track="0x71">Dungeon</song>
			<song track="0x72">End of Dungeon</song>
			<song track="0x73">Dungeon</song>
			<song track="0x74">Partner area</song>
			<song track="0x75">Background Sound</song>
			<song track="0x76">Background Sound</song>
			<song track="0x77">Background Sound</song>
			<song track="0x78">Dungeon</song>
			<song track="0x79">Partner area</song>
			<song track="0x7A">Baclground Sound</song>
			<song track="0x7B">Dungeon</song>
			<song track="0x7C">Dungeon</song>
			<song track="0x7D">Dungeon</song>
			<song track="0x7E">Dungeon</song>
			<song track="0x7F">Background Sound</song>
			<song track="0x80">Monster Room</song>
		</playlist>
		<midimap><inst from="5" to="13"/><inst from="6" to="61"/><inst from="7" to="57"/><inst from="8" to="6"/><inst from="9" to="46"/><inst from="12" to="4"/><inst from="16" to="18"/><inst from="24" to="85"/><inst from="46" to="45"/><inst from="50" to="5"/><inst from="52" to="80"/><inst from="53" to="80"/><inst from="68" to="39"/><inst from="69" to="87"/><inst from="70" to="80"/><inst from="71" to="81"/><inst from="74" to="80"/><inst from="75" to="80"/><inst from="76" to="73"/><inst from="79" to="80"/><inst from="89" to="87"/><inst from="90" to="87"/><inst from="93" to="33"/><inst from="95" to="48"/><inst from="96" to="114"/><inst from="97" to="48"/><inst from="120" to="47"/><drum from="68" to="52"/></midimap></rom>
	<rom code="AOGE" name="SRTOG" songtable="0x438C3C"><playlist name="Main"/></rom><rom code="AXVD" name="POKEMON RUBY" songtable="0x4842E4"><playlist name="Main"/></rom><rom code="B24P" name="POKE DUNGEON" songtable="0x1E866BC"><playlist name="Main"/></rom><rom code="AE7X" name="FIREEMBLEMX" songtable="0x680600"><playlist name="Main"/></rom><rom code="A88P" name="MARIO&amp;LUIGIP" songtable="0xFB5DA4"><playlist name="Main"/></rom><rom code="A88E" name="MARIO&amp;LUIGIU" songtable="0xFB5DA4"><playlist name="Main"/></rom></sappy>
